{"cameraMode":{"drawMode":0,"name":"Shaded","section":"Shading Mode"},"sceneLighting":false,"audioPlay":false,"sceneViewState":{"showFog":false,"showMaterialUpdate":false,"showSkybox":false,"showFlares":false,"showImageEffects":false,"showParticleSystems":false,"showVisualEffectGraphs":true,"m_FxEnabled":true},"in2DMode":false,"pivot":{"x":-0.43576908111572268,"y":0.10295552760362625,"z":0.11169841885566712},"rotation":{"x":-0.2701675295829773,"y":-0.06492356956005097,"z":0.018283754587173463,"w":-0.9604867100715637},"size":4.525620460510254,"orthographic":false}