{"cameraMode":{"drawMode":0,"name":"Shaded","section":"Shading Mode"},"sceneLighting":false,"audioPlay":false,"sceneViewState":{"showFog":true,"showMaterialUpdate":false,"showSkybox":false,"showFlares":false,"showImageEffects":false,"showParticleSystems":false,"showVisualEffectGraphs":true,"m_FxEnabled":true},"in2DMode":false,"pivot":{"x":2.185638427734375,"y":3.018019199371338,"z":12.116530418395996},"rotation":{"x":-0.0009073785622604191,"y":-0.9680489301681519,"z":-0.0034865152556449177,"w":0.2507769465446472},"size":5.834186553955078,"orthographic":false}