{"cameraMode":{"drawMode":0,"name":"Shaded","section":"Shading Mode"},"sceneLighting":true,"audioPlay":false,"sceneViewState":{"showFog":false,"showMaterialUpdate":false,"showSkybox":true,"showFlares":false,"showImageEffects":false,"showParticleSystems":false,"showVisualEffectGraphs":true,"m_FxEnabled":true},"in2DMode":false,"pivot":{"x":6.988191604614258,"y":11.739051818847657,"z":3.5669803619384767},"rotation":{"x":-0.07819464057683945,"y":-0.36111947894096377,"z":0.030419956892728807,"w":-0.9287805557250977},"size":11.603333473205567,"orthographic":false}