{"cameraMode":{"drawMode":0,"name":"Shaded","section":"Shading Mode"},"sceneLighting":true,"audioPlay":false,"sceneViewState":{"showFog":false,"showMaterialUpdate":false,"showSkybox":true,"showFlares":false,"showImageEffects":false,"showParticleSystems":false,"showVisualEffectGraphs":true,"m_FxEnabled":true},"in2DMode":false,"pivot":{"x":147.38308715820313,"y":0.11658740043640137,"z":29.032089233398439},"rotation":{"x":0.008864765986800194,"y":0.7876963019371033,"z":-0.011344743892550469,"w":0.6159043908119202},"size":22.40477752685547,"orthographic":false}